{
  "intrinsic": {
    "aspect_ratio": 1.00021,
    "cx_offset": 0.329055,
    "cy_offset": -3.5506,
    "height": 966.0,
    "k1": 341.725,
    "k2": -26.4448,
    "k3": 32.7864,
    "k4": 0.50499,
    "model": "radial_poly",
    "poly_order": 4,
    "width": 1280.0
  },
  "name": "FV"
}
