{
  "intrinsic": {
    "aspect_ratio": 1.00034,
    "cx_offset": 2.86472,
    "cy_offset": -2.06627,
    "height": 966.0,
    "k1": 342.457,
    "k2": -22.4772,
    "k3": 28.5462,
    "k4": 1.78203,
    "model": "radial_poly",
    "poly_order": 4,
    "width": 1280.0
  },
  "name": "RV"
}
